{"cameraMode":{"drawMode":0,"name":"Shaded","section":"Shading Mode"},"sceneLighting":true,"audioPlay":false,"sceneViewState":{"m_AlwaysRefresh":false,"showFog":true,"showSkybox":true,"showFlares":true,"showImageEffects":true,"showParticleSystems":true,"showVisualEffectGraphs":true,"m_FxEnabled":true},"in2DMode":false,"pivot":{"x":19.016132354736329,"y":0.41679584980010989,"z":42.40050506591797},"rotation":{"x":-0.10116860270500183,"y":0.8724114298820496,"z":-0.20409420132637025,"w":-0.4324514865875244},"size":83.92112731933594,"orthographic":false}